ID,AfvalType,AantalAfval,Latitude,Longitude,Temperatuur,Weertype,DatumTijd
1,Papier/Karton,5,51.587694,4.772314,0.9,Storm,2025-12-30 13:50:29
2,Elektrische Apparaten,2,51.586329,4.77795,-0.7,Regen,2026-04-01 21:57:49
3,Elektrische Apparaten,2,51.592445,4.776652,11.6,Regen,2026-02-24 07:52:44
4,Plastic,2,51.59103,4.772206,12.6,Storm,2026-06-01 07:00:23
5,Papier/Karton,8,51.591369,4.776366,15.2,Mist,2026-05-23 12:09:54
6,Rest,10,51.587134,4.778688,6.2,Zonnig,2026-01-21 21:14:09
7,Rest,9,51.590157,4.771747,6.0,Storm,2026-04-13 08:32:28
8,Elektrische Apparaten,5,51.590835,4.771009,15.9,Bewolkt,2026-04-09 23:34:30
9,Plastic,9,51.590701,4.770866,14.2,Mist,2026-05-05 19:43:27
10,Rest,1,51.59075,4.779049,3.6,Storm,2026-03-01 07:13:37
11,Blik,3,51.588806,4.772383,13.4,Mist,2026-04-10 07:23:11
12,Papier/Karton,10,51.591673,4.779975,31.2,Storm,2026-04-06 15:16:17
13,Plastic,3,51.592317,4.778485,1.6,Mist,2026-05-04 06:50:13
14,Papier/Karton,4,51.586805,4.773274,16.6,Storm,2026-02-17 12:56:33
15,Elektrische Apparaten,8,51.588331,4.779189,1.2,Mist,2026-05-05 17:23:12
16,Papier/Karton,5,51.59134,4.775099,28.9,Storm,2026-03-03 18:29:53
17,Elektrische Apparaten,8,51.589327,4.776892,2.3,Zonnig,2026-03-22 15:23:34
18,Elektrische Apparaten,2,51.590442,4.772823,0.3,Mist,2026-05-01 02:35:44
19,Elektrische Apparaten,3,51.592386,4.775187,17.7,Regen,2026-02-19 19:39:53
20,Glas,9,51.586337,4.778935,18.3,Mist,2026-04-05 12:17:03
21,Elektrische Apparaten,3,51.590776,4.777985,27.5,Zonnig,2026-02-12 05:34:53
22,Plastic,2,51.58766,4.772399,1.7,Mist,2026-01-10 19:55:57
23,Papier/Karton,3,51.58912,4.783083,4.2,Storm,2025-12-18 22:29:04
24,Plastic,1,51.589035,4.777625,31.5,Storm,2026-03-26 05:37:57
25,Grofvuil,1,51.592102,4.777231,2.1,Storm,2026-05-10 16:56:19
26,Grofvuil,5,51.590979,4.780988,0.1,Bewolkt,2026-03-01 12:14:12
27,Elektrische Apparaten,10,51.589158,4.77078,8.9,Mist,2026-04-04 01:34:33
28,Rest,6,51.591871,4.778522,14.9,Bewolkt,2026-02-23 12:50:53
29,Blik,7,51.589581,4.780102,2.8,Bewolkt,2026-03-29 23:17:55
30,Glas,2,51.589091,4.778546,10.2,Bewolkt,2025-12-18 12:13:07
31,Rest,0,51.591165,4.774319,4.1,Regen,2026-01-22 16:10:06
32,Grofvuil,9,51.586352,4.776036,-1.1,Mist,2026-04-05 08:08:12
33,Blik,10,51.591965,4.777485,1.1,Storm,2026-03-09 21:23:58
34,Papier/Karton,4,51.589475,4.780688,28.1,Regen,2026-06-13 02:07:38
35,Grofvuil,8,51.589114,4.778053,7.6,Storm,2026-05-03 12:05:36
36,Glas,2,51.592011,4.776388,3.1,Storm,2026-02-04 00:23:39
37,Grofvuil,10,51.591029,4.770336,3.5,Storm,2026-06-12 05:48:46
38,Grofvuil,3,51.590287,4.777595,2.7,Bewolkt,2026-01-17 00:54:30
39,Elektrische Apparaten,4,51.588938,4.77069,8.2,Regen,2026-02-02 17:07:31
40,Rest,9,51.591589,4.777536,21.3,Zonnig,2026-03-30 22:33:27
41,Rest,6,51.58861,4.781186,-1.1,Storm,2026-02-13 16:45:58
42,Blik,3,51.589954,4.780792,4.1,Storm,2026-01-10 07:30:18
43,Papier/Karton,8,51.590949,4.776878,7.2,Bewolkt,2026-05-05 22:20:55
44,Plastic,2,51.586117,4.782597,19.3,Regen,2025-12-27 17:11:52
45,Elektrische Apparaten,8,51.590521,4.773486,2.7,Mist,2026-01-03 15:19:49
46,Blik,3,51.59197,4.775585,17.5,Regen,2026-05-31 19:11:48
47,Grofvuil,1,51.590444,4.781689,5.7,Bewolkt,2026-04-06 19:42:44
48,Plastic,9,51.59107,4.777367,23.0,Regen,2026-03-09 08:42:57
49,Rest,10,51.592455,4.7777,-1.0,Bewolkt,2026-05-10 01:39:33
50,Elektrische Apparaten,4,51.589161,4.780099,14.1,Storm,2026-01-01 14:16:39
51,Plastic,8,51.591881,4.777363,22.6,Mist,2026-02-20 22:29:19
52,Glas,6,51.592076,4.776995,11.1,Mist,2026-02-12 03:45:59
53,Plastic,5,51.59154,4.779511,25.3,Storm,2026-04-22 16:30:14
54,Blik,1,51.592291,4.780551,-0.1,Storm,2026-03-04 22:21:41
55,Blik,9,51.590261,4.779398,17.7,Mist,2026-02-24 19:33:15
56,Rest,4,51.591141,4.777615,1.9,Regen,2026-01-30 15:51:55
57,Rest,5,51.586973,4.772721,8.0,Bewolkt,2026-02-10 21:50:22
58,Rest,4,51.58836,4.782379,4.7,Regen,2026-03-29 15:11:28
59,Rest,0,51.589178,4.778545,24.6,Bewolkt,2026-03-18 08:22:04
60,Grofvuil,5,51.591998,4.779096,1.5,Mist,2026-04-10 23:06:47
61,Rest,2,51.589877,4.779628,5.2,Mist,2026-02-27 21:18:57
62,Plastic,7,51.592252,4.779501,11.7,Bewolkt,2026-03-18 09:16:59
63,Papier/Karton,5,51.589148,4.777057,24.0,Bewolkt,2026-05-19 14:49:25
64,Glas,5,51.591103,4.775079,12.4,Mist,2025-12-30 20:30:20
65,Glas,7,51.586994,4.771302,8.6,Bewolkt,2026-05-11 00:54:57
66,Blik,6,51.589988,4.776098,23.8,Mist,2026-04-25 17:58:41
67,Rest,1,51.588838,4.775979,9.6,Regen,2026-04-09 01:05:46
68,Grofvuil,2,51.589263,4.781679,16.9,Mist,2026-01-11 06:00:51
69,Grofvuil,5,51.59015,4.779145,20.5,Mist,2025-12-20 22:49:48
70,Elektrische Apparaten,4,51.587385,4.776725,5.6,Zonnig,2026-02-26 21:18:05
71,Papier/Karton,3,51.589,4.782008,27.8,Storm,2026-04-08 13:08:48
72,Papier/Karton,9,51.590065,4.776156,-1.6,Mist,2026-01-18 09:05:35
73,Glas,2,51.591317,4.77879,28.9,Bewolkt,2026-02-15 16:15:21
74,Plastic,9,51.589389,4.778342,22.9,Storm,2026-02-15 21:10:24
75,Rest,3,51.58921,4.776856,23.7,Bewolkt,2026-03-09 17:43:18
76,Elektrische Apparaten,6,51.592142,4.775976,3.2,Storm,2026-02-16 00:42:26
77,Papier/Karton,1,51.590863,4.779855,22.6,Zonnig,2026-02-22 03:23:07
78,Grofvuil,6,51.590704,4.779355,21.6,Regen,2026-02-02 06:46:46
79,Glas,6,51.589251,4.778076,9.2,Bewolkt,2026-05-03 03:22:38
80,Grofvuil,9,51.591756,4.776432,17.6,Bewolkt,2026-04-05 06:07:02
81,Grofvuil,8,51.592343,4.777005,10.1,Mist,2026-05-05 04:11:32
82,Blik,5,51.590604,4.7762,12.2,Regen,2026-05-26 19:22:23
83,Plastic,9,51.590918,4.771394,20.0,Mist,2026-05-29 17:26:07
84,Rest,6,51.587661,4.772685,28.1,Zonnig,2026-05-29 05:48:38
85,Papier/Karton,2,51.58797,4.773733,6.2,Zonnig,2026-05-03 02:50:23
86,Grofvuil,3,51.589376,4.78155,-0.7,Bewolkt,2026-05-02 18:01:40
87,Papier/Karton,4,51.589401,4.779848,22.5,Bewolkt,2025-12-22 07:26:21
88,Plastic,3,51.588018,4.771486,17.8,Bewolkt,2026-04-18 06:57:26
89,Papier/Karton,8,51.587895,4.776782,25.0,Regen,2026-03-21 11:55:45
90,Grofvuil,0,51.586682,4.775512,14.9,Storm,2026-04-14 06:28:52
91,Grofvuil,6,51.586695,4.775989,-0.2,Bewolkt,2026-06-13 16:25:54
92,Grofvuil,2,51.589822,4.775273,30.1,Storm,2026-06-05 10:29:23
93,Elektrische Apparaten,9,51.587169,4.773527,16.3,Bewolkt,2026-03-15 05:19:21
94,Papier/Karton,3,51.587528,4.77509,10.7,Bewolkt,2025-12-24 13:50:28
95,Glas,8,51.59087,4.777537,30.2,Storm,2026-02-19 15:44:41
96,Plastic,4,51.590829,4.780299,3.1,Mist,2025-12-31 06:02:24
97,Elektrische Apparaten,5,51.587171,4.780943,31.4,Regen,2026-04-27 12:19:06
98,Elektrische Apparaten,2,51.592219,4.775236,5.3,Bewolkt,2026-05-09 02:53:48
99,Plastic,8,51.586202,4.773518,1.7,Zonnig,2026-03-10 10:56:19
100,Papier/Karton,5,51.591418,4.776145,3.5,Storm,2026-05-29 03:30:51
101,Rest,3,51.58993,4.780841,9.1,Mist,2026-06-04 17:09:53
102,Rest,1,51.58919,4.779574,-0.2,Mist,2026-02-04 20:34:50
103,Blik,6,51.586198,4.771999,13.8,Zonnig,2025-12-23 19:42:16
104,Glas,8,51.588333,4.782101,12.6,Mist,2026-01-03 10:33:08
105,Grofvuil,8,51.591185,4.777366,12.1,Regen,2026-06-12 03:05:28
106,Blik,4,51.591813,4.777747,20.8,Storm,2026-06-11 17:56:27
107,Glas,2,51.589476,4.780163,12.1,Storm,2026-03-21 02:05:03
108,Blik,3,51.59207,4.775171,12.2,Zonnig,2026-01-15 14:13:48
109,Elektrische Apparaten,9,51.591716,4.778165,18.6,Regen,2026-06-08 09:36:41
110,Papier/Karton,8,51.586126,4.778266,15.7,Zonnig,2026-06-11 06:29:42
111,Glas,2,51.591199,4.780864,31.4,Regen,2025-12-19 14:30:21
112,Rest,10,51.589137,4.78034,30.1,Storm,2026-06-16 08:21:15
113,Plastic,1,51.589803,4.780046,2.6,Storm,2026-05-16 05:12:54
114,Elektrische Apparaten,6,51.591533,4.777699,29.8,Storm,2025-12-15 19:43:51
115,Rest,4,51.589745,4.776864,27.4,Mist,2026-05-28 16:13:29
116,Grofvuil,6,51.592199,4.775912,24.7,Regen,2026-03-11 06:24:47
117,Papier/Karton,7,51.590062,4.780132,10.5,Regen,2025-12-31 13:35:10
118,Rest,7,51.588438,4.77866,30.3,Regen,2026-03-04 19:28:52
119,Papier/Karton,8,51.59217,4.777474,-0.9,Zonnig,2026-01-21 02:10:50
120,Plastic,5,51.59072,4.778516,20.4,Regen,2026-04-27 23:02:52
121,Papier/Karton,6,51.592184,4.775207,31.7,Storm,2026-02-05 10:25:42
122,Papier/Karton,5,51.587104,4.777048,5.0,Zonnig,2026-03-12 21:06:28
123,Rest,10,51.586231,4.779524,25.4,Bewolkt,2026-05-03 03:34:08
124,Glas,5,51.58925,4.777656,23.7,Regen,2025-12-18 11:25:29
125,Plastic,8,51.588788,4.783402,-0.3,Storm,2026-01-28 01:56:14
126,Blik,5,51.590163,4.77604,17.9,Mist,2026-01-06 16:04:20
127,Glas,7,51.591495,4.775355,15.3,Bewolkt,2026-02-09 22:35:20
128,Elektrische Apparaten,2,51.589494,4.780008,27.5,Zonnig,2026-06-01 15:27:53
129,Glas,8,51.58775,4.773539,13.0,Storm,2026-05-31 18:27:43
130,Rest,4,51.586058,4.78169,4.2,Storm,2026-01-31 14:46:44
131,Glas,3,51.589987,4.780901,-0.9,Zonnig,2026-02-23 15:32:52
132,Blik,8,51.589325,4.778349,6.5,Bewolkt,2026-04-05 02:55:23
133,Plastic,1,51.589805,4.777689,3.5,Mist,2026-02-05 10:46:01
134,Papier/Karton,4,51.586905,4.783121,13.3,Storm,2026-05-30 14:09:58
135,Blik,4,51.588591,4.780306,26.9,Storm,2026-01-10 06:12:02
136,Blik,2,51.591402,4.776851,8.6,Bewolkt,2026-05-26 18:56:01
137,Glas,8,51.590547,4.777044,10.1,Zonnig,2026-05-29 15:33:54
138,Grofvuil,4,51.590585,4.772319,24.8,Storm,2026-06-14 08:09:09
139,Elektrische Apparaten,2,51.590075,4.782618,16.0,Regen,2025-12-18 02:36:15
140,Glas,9,51.588455,4.781004,7.1,Storm,2026-03-27 08:30:09
141,Blik,1,51.591477,4.775523,-1.4,Regen,2026-01-18 19:07:23
142,Elektrische Apparaten,2,51.590763,4.780322,2.0,Bewolkt,2026-03-26 01:08:30
143,Rest,0,51.589976,4.777536,16.3,Regen,2025-12-23 17:56:06
144,Papier/Karton,6,51.58784,4.775883,24.2,Zonnig,2026-02-13 05:26:46
145,Papier/Karton,0,51.591107,4.776079,6.0,Bewolkt,2026-04-11 17:26:12
146,Rest,6,51.589423,4.777262,8.3,Mist,2026-03-13 05:23:26
147,Elektrische Apparaten,2,51.591547,4.777803,23.2,Mist,2026-06-13 10:29:49
148,Rest,6,51.589087,4.780722,5.1,Storm,2026-03-26 19:58:05
149,Glas,3,51.589084,4.779434,2.7,Zonnig,2026-04-21 06:05:19
150,Glas,9,51.591944,4.778164,29.9,Regen,2026-06-12 20:06:54
151,Papier/Karton,6,51.589827,4.777479,16.5,Bewolkt,2026-02-05 15:08:41
152,Rest,4,51.589723,4.78014,15.4,Mist,2026-03-24 23:18:18
153,Grofvuil,7,51.591929,4.779078,-0.2,Bewolkt,2026-04-12 16:12:06
154,Blik,7,51.590317,4.780704,10.1,Bewolkt,2026-02-28 23:11:54
155,Elektrische Apparaten,7,51.590523,4.772661,8.7,Regen,2026-02-13 02:29:28
156,Papier/Karton,7,51.587043,4.775698,17.0,Mist,2026-03-07 23:17:59
157,Papier/Karton,6,51.591234,4.778395,26.2,Mist,2026-03-08 20:27:36
158,Grofvuil,3,51.589994,4.775957,29.1,Storm,2026-01-11 02:49:42
159,Glas,6,51.589006,4.777472,5.0,Bewolkt,2026-01-10 06:21:24
160,Elektrische Apparaten,0,51.58727,4.776927,28.1,Regen,2026-03-14 12:11:25
161,Elektrische Apparaten,6,51.59018,4.779785,28.3,Regen,2025-12-18 05:29:05
162,Elektrische Apparaten,5,51.589545,4.77301,0.7,Bewolkt,2026-01-14 01:38:51
163,Papier/Karton,8,51.592237,4.776401,26.3,Bewolkt,2026-01-20 07:05:48
164,Blik,6,51.591743,4.777606,0.4,Mist,2026-03-29 01:16:31
165,Papier/Karton,8,51.587292,4.778672,4.6,Zonnig,2026-04-24 08:07:14
166,Blik,0,51.590964,4.777862,30.5,Storm,2026-04-27 05:01:08
167,Grofvuil,6,51.590132,4.776015,31.1,Regen,2026-03-03 16:32:37
168,Grofvuil,1,51.589066,4.780908,3.7,Storm,2026-05-23 12:36:04
169,Elektrische Apparaten,3,51.589813,4.779098,20.2,Zonnig,2026-04-03 15:34:56
170,Elektrische Apparaten,5,51.590798,4.780141,12.3,Bewolkt,2026-05-13 00:12:51
171,Rest,8,51.592308,4.776806,17.2,Mist,2026-05-26 16:22:54
172,Glas,1,51.590495,4.779227,24.8,Regen,2026-05-11 02:04:15
173,Glas,10,51.59156,4.777564,9.6,Mist,2025-12-21 03:34:28
174,Blik,0,51.590191,4.775499,22.8,Regen,2025-12-16 23:15:05
175,Elektrische Apparaten,8,51.586188,4.773481,15.5,Zonnig,2026-03-30 09:39:02
176,Plastic,0,51.589561,4.777298,3.0,Zonnig,2026-06-09 23:20:19
177,Rest,6,51.59061,4.779991,20.0,Zonnig,2025-12-21 10:00:50
178,Elektrische Apparaten,5,51.592332,4.77814,26.2,Mist,2026-04-06 16:17:54
179,Papier/Karton,5,51.586492,4.774899,20.3,Storm,2026-04-26 16:56:48
180,Glas,10,51.591367,4.775544,10.4,Storm,2026-05-20 17:46:11
181,Rest,6,51.591263,4.776888,27.5,Storm,2026-02-15 18:06:18
182,Rest,1,51.589181,4.778275,29.9,Mist,2026-04-14 14:10:41
183,Glas,7,51.590125,4.775751,16.3,Bewolkt,2026-03-19 23:19:40
184,Plastic,3,51.592386,4.776296,22.7,Zonnig,2026-01-29 17:19:43
185,Rest,7,51.586094,4.775025,26.9,Mist,2026-06-16 02:02:57
186,Glas,2,51.591706,4.777994,26.4,Bewolkt,2026-06-06 05:38:55
187,Glas,4,51.59233,4.777282,17.6,Storm,2026-01-22 09:25:42
188,Glas,3,51.589934,4.775945,19.1,Zonnig,2026-03-08 06:40:39
189,Plastic,4,51.591099,4.772575,9.8,Regen,2026-04-03 08:49:55
190,Elektrische Apparaten,1,51.589236,4.777189,12.5,Zonnig,2026-03-06 14:32:08
191,Rest,6,51.590224,4.775257,21.2,Zonnig,2026-01-28 20:27:34
192,Grofvuil,1,51.589553,4.776241,17.8,Regen,2026-02-04 00:49:13
193,Plastic,8,51.589025,4.775596,10.7,Zonnig,2026-01-21 10:08:20
194,Grofvuil,6,51.590149,4.780203,28.8,Regen,2026-03-19 17:59:33
195,Blik,2,51.589391,4.777429,4.0,Zonnig,2026-06-09 02:06:41
196,Elektrische Apparaten,7,51.590052,4.772887,-1.0,Mist,2026-06-13 16:17:57
197,Grofvuil,3,51.58695,4.778733,8.6,Storm,2025-12-18 09:17:53
198,Rest,2,51.590882,4.773816,1.2,Bewolkt,2026-05-19 21:43:57
199,Plastic,4,51.58965,4.778043,18.3,Bewolkt,2026-01-23 20:19:35
200,Glas,2,51.592306,4.779711,26.2,Zonnig,2026-03-24 17:37:49
201,Blik,3,51.589709,4.776876,29.5,Storm,2026-02-20 01:15:03
202,Grofvuil,8,51.592387,4.780381,31.0,Storm,2026-05-08 18:03:05
203,Rest,4,51.58952,4.779198,30.3,Zonnig,2026-03-01 12:53:05
204,Blik,5,51.591076,4.778473,21.4,Bewolkt,2026-04-29 21:27:21
205,Glas,10,51.588364,4.779507,17.0,Bewolkt,2025-12-18 19:27:15
206,Rest,8,51.592131,4.779969,13.5,Mist,2026-01-02 08:24:22
207,Rest,6,51.589328,4.776209,19.8,Mist,2026-01-23 23:53:00
208,Grofvuil,6,51.590121,4.775538,27.5,Bewolkt,2026-03-19 00:51:40
209,Plastic,7,51.590383,4.774705,23.8,Storm,2026-03-11 21:20:05
210,Blik,2,51.587677,4.776468,14.8,Zonnig,2026-03-09 20:07:17
211,Blik,7,51.589908,4.775255,29.3,Storm,2026-02-25 23:22:48
212,Papier/Karton,8,51.59011,4.779928,10.0,Bewolkt,2025-12-29 00:55:55
213,Grofvuil,0,51.59162,4.778639,21.9,Storm,2026-03-15 08:26:42
214,Papier/Karton,0,51.591367,4.77827,30.6,Regen,2026-01-12 11:24:11
215,Grofvuil,8,51.589087,4.776339,1.9,Regen,2026-03-21 12:24:20
216,Elektrische Apparaten,6,51.588999,4.774309,11.3,Zonnig,2026-06-08 12:57:35
217,Grofvuil,2,51.586203,4.77617,15.2,Regen,2026-04-07 12:24:49
218,Papier/Karton,3,51.588138,4.770705,25.5,Mist,2026-03-18 10:44:22
219,Elektrische Apparaten,6,51.589193,4.778025,-1.0,Storm,2026-06-02 02:20:38
220,Papier/Karton,6,51.589579,4.779741,24.4,Zonnig,2026-03-31 07:26:59
221,Grofvuil,10,51.591554,4.779554,9.6,Storm,2026-04-06 13:26:27
222,Grofvuil,6,51.590243,4.780931,24.0,Mist,2026-06-07 14:02:59
223,Blik,5,51.587918,4.778672,6.4,Zonnig,2026-01-03 05:01:26
224,Grofvuil,0,51.590157,4.774693,12.3,Storm,2026-02-08 10:20:16
225,Plastic,8,51.588249,4.783119,29.2,Zonnig,2026-05-16 08:30:03
226,Plastic,2,51.589448,4.777857,23.5,Bewolkt,2026-04-15 18:26:50
227,Rest,6,51.589351,4.780378,31.5,Bewolkt,2026-03-18 20:55:56
228,Plastic,3,51.590554,4.779615,30.1,Mist,2026-01-26 01:04:07
229,Plastic,1,51.590287,4.77811,0.1,Mist,2026-05-23 06:13:34
230,Rest,5,51.588232,4.78112,29.5,Zonnig,2026-05-17 07:30:55
231,Plastic,2,51.590517,4.775438,26.2,Zonnig,2025-12-27 15:04:57
232,Plastic,8,51.587996,4.782781,18.4,Zonnig,2026-06-07 07:24:22
233,Elektrische Apparaten,8,51.589232,4.777153,31.3,Bewolkt,2026-04-03 17:15:32
234,Papier/Karton,7,51.589287,4.777483,8.8,Storm,2025-12-28 13:51:11
235,Rest,10,51.588701,4.776674,18.0,Zonnig,2026-01-30 13:43:50
236,Papier/Karton,0,51.586266,4.771315,1.2,Bewolkt,2026-01-13 21:52:15
237,Papier/Karton,4,51.592152,4.775645,8.5,Mist,2026-04-16 23:40:17
238,Glas,0,51.589672,4.776207,4.3,Bewolkt,2026-03-26 22:15:08
239,Glas,1,51.586081,4.78119,25.9,Mist,2026-06-10 21:45:59
240,Papier/Karton,7,51.591167,4.776363,20.7,Bewolkt,2026-05-21 13:23:46
241,Rest,9,51.589778,4.77091,23.9,Storm,2026-05-29 12:07:06
242,Rest,8,51.587665,4.774577,13.9,Bewolkt,2026-01-17 09:03:46
243,Grofvuil,7,51.59091,4.777613,17.7,Zonnig,2026-01-05 12:16:21
244,Papier/Karton,5,51.590321,4.780889,26.2,Mist,2025-12-25 23:43:18
245,Rest,1,51.590331,4.775587,10.4,Regen,2026-05-17 01:00:34
246,Glas,9,51.591121,4.778374,19.5,Storm,2026-01-23 05:55:14
247,Glas,0,51.588205,4.781989,6.6,Bewolkt,2026-06-08 15:37:51
248,Plastic,2,51.58841,4.770336,22.6,Regen,2026-03-15 09:26:13
249,Papier/Karton,7,51.589471,4.7746,-0.8,Storm,2026-04-02 06:29:51
250,Glas,6,51.588402,4.782383,5.6,Regen,2026-02-04 21:22:43
251,Papier/Karton,0,51.590341,4.775701,30.9,Bewolkt,2026-03-11 10:21:30
252,Elektrische Apparaten,0,51.588081,4.777579,8.5,Mist,2026-04-29 11:17:08
253,Blik,6,51.592111,4.780407,28.0,Storm,2026-05-23 06:05:36
254,Grofvuil,9,51.588102,4.775633,12.7,Zonnig,2026-05-09 02:50:52
255,Plastic,4,51.591012,4.77859,4.7,Bewolkt,2026-04-07 08:41:18
256,Elektrische Apparaten,7,51.591074,4.777417,30.0,Regen,2026-03-05 12:19:53
257,Grofvuil,10,51.587138,4.777566,3.7,Storm,2026-03-29 03:27:06
258,Plastic,0,51.587567,4.776257,24.6,Zonnig,2026-02-23 04:20:23
259,Blik,4,51.589479,4.773563,21.7,Regen,2026-03-30 21:10:00
260,Glas,8,51.59059,4.777269,2.5,Bewolkt,2025-12-25 07:42:29
261,Plastic,4,51.589561,4.779162,25.2,Mist,2026-04-06 21:35:34
262,Grofvuil,2,51.592043,4.777805,31.4,Regen,2026-04-17 04:13:50
263,Glas,6,51.587575,4.783334,22.3,Regen,2026-03-12 11:16:47
264,Papier/Karton,2,51.589481,4.779889,10.3,Zonnig,2026-05-25 07:21:11
265,Elektrische Apparaten,8,51.59169,4.775138,-0.7,Mist,2026-04-11 03:53:23
266,Papier/Karton,5,51.590997,4.778626,0.5,Regen,2026-05-19 18:10:29
267,Rest,1,51.58741,4.770135,10.9,Mist,2026-01-02 11:21:20
268,Blik,6,51.590161,4.775759,8.0,Zonnig,2026-03-01 07:45:33
269,Papier/Karton,1,51.59126,4.771197,5.4,Storm,2025-12-30 03:17:18
270,Glas,5,51.58904,4.780519,16.3,Regen,2026-03-16 21:02:57
271,Plastic,6,51.592491,4.780486,4.7,Storm,2026-05-05 05:14:47
272,Rest,2,51.590603,4.775832,21.0,Storm,2025-12-31 16:04:51
273,Blik,7,51.590441,4.777022,10.0,Bewolkt,2026-03-09 01:46:32
274,Rest,3,51.588731,4.776287,19.0,Regen,2026-01-28 22:15:21
275,Grofvuil,4,51.591316,4.77533,7.5,Regen,2026-03-19 08:31:49
276,Elektrische Apparaten,8,51.589694,4.780995,7.4,Storm,2026-02-28 20:52:27
277,Grofvuil,7,51.589251,4.780675,-0.5,Regen,2026-02-11 15:05:59
278,Elektrische Apparaten,8,51.589751,4.776557,31.8,Zonnig,2026-01-12 16:00:47
279,Plastic,10,51.587792,4.775361,0.5,Bewolkt,2026-06-11 04:22:14
280,Rest,1,51.590431,4.777673,16.7,Bewolkt,2025-12-25 10:00:08
281,Grofvuil,1,51.589414,4.77626,13.4,Zonnig,2026-04-22 20:33:19
282,Glas,6,51.592203,4.779701,31.8,Zonnig,2026-02-14 11:52:50
283,Blik,4,51.59091,4.773011,4.3,Mist,2026-01-01 13:52:55
284,Blik,10,51.588163,4.782233,25.4,Bewolkt,2025-12-22 16:49:55
285,Rest,7,51.588472,4.773747,-0.3,Regen,2025-12-22 16:53:13
286,Rest,4,51.590323,4.777504,15.4,Mist,2026-02-15 09:12:59
287,Blik,2,51.589484,4.780259,7.4,Bewolkt,2026-03-30 16:48:11
288,Glas,10,51.591446,4.777302,31.1,Mist,2026-03-13 08:10:14
289,Glas,6,51.590509,4.779628,8.1,Regen,2025-12-20 20:27:57
290,Papier/Karton,4,51.591175,4.774465,26.9,Storm,2026-03-20 11:14:58
291,Glas,7,51.586029,4.778225,24.9,Mist,2026-05-06 11:44:11
292,Grofvuil,4,51.590637,4.776006,10.9,Regen,2026-01-24 00:01:37
293,Blik,10,51.591212,4.780574,8.0,Bewolkt,2025-12-26 03:53:45
294,Rest,7,51.591455,4.779823,8.4,Regen,2026-04-21 14:42:05
295,Grofvuil,7,51.589324,4.778282,20.9,Bewolkt,2026-06-11 07:24:41
296,Rest,7,51.591734,4.775583,-1.8,Mist,2026-05-28 08:34:41
297,Glas,0,51.591161,4.780529,14.6,Bewolkt,2026-05-10 21:09:22
298,Plastic,0,51.592415,4.780226,0.7,Storm,2026-03-23 09:13:00
299,Rest,9,51.589762,4.776707,9.2,Mist,2026-01-11 21:33:58
300,Papier/Karton,4,51.592101,4.778141,31.0,Regen,2026-03-14 03:12:03
301,Elektrische Apparaten,7,51.591449,4.7781,20.3,Storm,2026-04-26 17:21:31
302,Grofvuil,6,51.58741,4.776172,25.7,Mist,2026-06-06 01:14:46
303,Grofvuil,9,51.587968,4.774195,25.6,Storm,2025-12-20 05:29:03
304,Blik,3,51.591632,4.776054,17.9,Storm,2026-02-09 10:36:42
305,Rest,6,51.590599,4.775943,4.1,Zonnig,2026-03-01 10:19:23
306,Plastic,5,51.591089,4.778026,21.4,Storm,2026-02-12 02:09:45
307,Rest,3,51.590077,4.775829,19.6,Regen,2025-12-28 19:18:04
308,Papier/Karton,1,51.592002,4.7772,23.5,Bewolkt,2026-01-15 03:58:40
309,Rest,5,51.586449,4.777571,3.2,Mist,2026-04-17 02:36:33
310,Papier/Karton,1,51.589897,4.779301,21.1,Bewolkt,2026-05-21 01:20:52
311,Elektrische Apparaten,7,51.587572,4.77328,-0.9,Regen,2026-01-20 21:59:16
312,Elektrische Apparaten,1,51.591945,4.776105,18.0,Bewolkt,2026-02-12 02:33:12
313,Rest,3,51.588283,4.777594,29.7,Bewolkt,2026-03-09 18:39:21
314,Plastic,8,51.587659,4.779647,12.7,Storm,2026-02-06 20:46:08
315,Plastic,9,51.590377,4.771391,-1.3,Storm,2026-01-09 06:26:59
316,Grofvuil,4,51.590118,4.775415,-0.7,Storm,2026-01-13 01:15:27
317,Glas,1,51.589916,4.775369,8.5,Storm,2026-03-20 20:58:08
318,Grofvuil,10,51.589034,4.778293,7.3,Mist,2026-01-03 04:32:18
319,Grofvuil,9,51.589959,4.780141,-1.1,Mist,2026-03-14 19:52:29
320,Blik,2,51.591793,4.775104,31.9,Regen,2026-01-24 16:15:13
321,Plastic,0,51.589484,4.778533,26.5,Bewolkt,2026-01-30 18:30:21
322,Elektrische Apparaten,9,51.591999,4.775268,29.0,Regen,2026-05-12 00:45:42
323,Rest,4,51.589096,4.77785,10.2,Regen,2026-01-11 06:32:16
324,Plastic,8,51.592433,4.776265,23.5,Zonnig,2026-03-15 16:39:55
325,Grofvuil,6,51.590794,4.777886,-1.3,Storm,2026-01-16 00:03:34
326,Grofvuil,5,51.590771,4.779826,14.7,Mist,2026-05-20 19:20:01
327,Plastic,10,51.591579,4.776816,3.6,Zonnig,2026-05-17 19:24:05
328,Blik,3,51.588175,4.772334,9.0,Bewolkt,2026-05-12 13:34:46
329,Plastic,4,51.589629,4.771756,18.4,Mist,2026-02-28 16:12:20
330,Blik,7,51.59072,4.780692,17.4,Bewolkt,2026-05-30 21:17:50
331,Blik,0,51.590675,4.779511,2.5,Zonnig,2026-06-06 14:20:50
332,Blik,8,51.588665,4.776917,19.0,Zonnig,2026-03-23 13:59:46
333,Grofvuil,0,51.592329,4.778065,2.5,Mist,2026-02-24 22:14:31
334,Elektrische Apparaten,0,51.591079,4.778536,1.1,Storm,2026-04-07 03:33:22
335,Papier/Karton,2,51.591899,4.775185,6.3,Regen,2026-01-13 01:22:59
336,Grofvuil,1,51.590598,4.776359,19.8,Zonnig,2026-04-16 09:02:23
337,Elektrische Apparaten,2,51.589812,4.78097,6.2,Storm,2026-04-30 09:15:41
338,Rest,5,51.590536,4.77734,1.0,Mist,2026-06-07 23:05:44
339,Papier/Karton,6,51.589029,4.774231,12.1,Storm,2026-03-18 13:43:53
340,Papier/Karton,6,51.590055,4.775441,14.1,Regen,2026-05-12 11:10:42
341,Grofvuil,8,51.591548,4.779993,0.3,Bewolkt,2025-12-30 10:02:02
342,Elektrische Apparaten,2,51.590713,4.780027,20.5,Bewolkt,2026-04-10 23:08:04
343,Elektrische Apparaten,6,51.589686,4.77654,21.7,Zonnig,2025-12-15 13:19:24
344,Blik,2,51.587691,4.778636,28.5,Storm,2026-03-26 20:23:27
345,Blik,2,51.588642,4.772246,0.8,Bewolkt,2026-03-14 05:52:46
346,Plastic,4,51.591869,4.776078,4.6,Bewolkt,2026-05-12 16:38:52
347,Plastic,6,51.590346,4.778214,4.3,Storm,2026-04-30 00:50:35
348,Papier/Karton,0,51.588773,4.779135,0.1,Bewolkt,2026-01-21 02:28:32
349,Elektrische Apparaten,8,51.590147,4.777352,16.8,Bewolkt,2026-02-15 00:34:57
350,Glas,2,51.59015,4.777977,23.5,Zonnig,2026-02-16 09:40:30
351,Grofvuil,0,51.591575,4.775328,11.1,Bewolkt,2026-02-22 23:08:07
352,Plastic,7,51.589407,4.777463,9.6,Bewolkt,2026-02-26 08:32:57
353,Grofvuil,0,51.589455,4.778194,23.7,Mist,2026-05-03 17:07:59
354,Blik,9,51.587484,4.770636,26.9,Bewolkt,2026-03-07 08:58:11
355,Grofvuil,2,51.590642,4.775518,18.3,Regen,2026-06-03 15:01:05
356,Plastic,10,51.589222,4.776033,29.2,Bewolkt,2026-03-23 21:46:36
357,Elektrische Apparaten,3,51.590831,4.780323,-0.3,Bewolkt,2026-05-23 02:24:30
358,Elektrische Apparaten,6,51.589646,4.780919,3.1,Regen,2026-02-07 04:14:08
359,Grofvuil,6,51.591148,4.779155,1.5,Storm,2026-04-15 17:53:23
360,Papier/Karton,10,51.591097,4.777812,27.9,Storm,2026-04-16 07:20:48
361,Grofvuil,3,51.590953,4.779616,21.1,Bewolkt,2026-04-12 00:16:13
362,Elektrische Apparaten,8,51.5918,4.776382,13.4,Storm,2026-06-05 06:48:07
363,Papier/Karton,4,51.590891,4.780873,3.1,Regen,2026-04-13 07:00:17
364,Elektrische Apparaten,7,51.590332,4.779829,15.8,Zonnig,2025-12-18 13:51:47
365,Papier/Karton,8,51.588613,4.782186,25.2,Storm,2026-05-02 22:09:10
366,Glas,4,51.591153,4.77667,9.4,Zonnig,2026-01-10 08:21:05
367,Papier/Karton,6,51.586645,4.775088,15.8,Bewolkt,2026-01-12 14:28:32
368,Papier/Karton,4,51.586045,4.781643,13.3,Bewolkt,2026-02-13 20:14:50
369,Rest,9,51.591865,4.776985,26.2,Storm,2026-01-15 03:21:48
370,Rest,2,51.591683,4.775757,4.5,Bewolkt,2026-01-18 09:40:37
371,Glas,8,51.590441,4.777754,21.7,Storm,2026-01-04 13:21:19
372,Grofvuil,8,51.590036,4.776968,12.0,Storm,2026-01-22 15:40:11
373,Papier/Karton,7,51.590268,4.776073,23.9,Regen,2026-04-16 16:38:31
374,Plastic,8,51.592426,4.778383,-1.4,Zonnig,2026-01-23 12:08:10
375,Rest,2,51.591578,4.780645,10.0,Storm,2026-06-09 19:30:47
376,Rest,2,51.587426,4.779987,24.7,Storm,2026-04-25 19:56:03
377,Papier/Karton,9,51.589949,4.776053,5.9,Bewolkt,2026-01-05 00:00:22
378,Rest,2,51.590453,4.775214,4.3,Storm,2026-03-30 06:26:22
379,Elektrische Apparaten,3,51.586834,4.770944,-0.7,Bewolkt,2026-04-01 03:28:27
380,Rest,6,51.586736,4.778248,27.5,Regen,2025-12-24 09:39:27
381,Papier/Karton,4,51.586875,4.774253,-0.4,Regen,2026-01-16 10:10:34
382,Rest,10,51.588491,4.781874,3.1,Bewolkt,2026-04-27 20:19:11
383,Glas,9,51.589454,4.775018,7.0,Bewolkt,2026-02-13 13:18:47
384,Glas,6,51.588588,4.771911,22.5,Zonnig,2026-03-27 21:13:39
385,Papier/Karton,1,51.590752,4.779738,16.7,Bewolkt,2026-04-25 22:31:07
386,Glas,10,51.587884,4.77801,26.0,Storm,2026-06-14 08:37:26
387,Grofvuil,4,51.590029,4.779644,30.5,Bewolkt,2026-03-28 08:26:51
388,Glas,8,51.590791,4.780546,17.9,Bewolkt,2026-04-24 18:03:50
389,Blik,8,51.589226,4.778143,-0.9,Bewolkt,2026-06-03 20:04:26
390,Elektrische Apparaten,6,51.590958,4.775927,7.5,Storm,2026-05-12 14:23:38
391,Papier/Karton,10,51.590488,4.779912,13.4,Mist,2026-03-11 02:42:18
392,Grofvuil,0,51.590589,4.779234,23.2,Zonnig,2026-02-12 11:18:03
393,Elektrische Apparaten,7,51.591761,4.776178,1.1,Storm,2026-03-29 18:26:22
394,Plastic,6,51.586299,4.781802,18.4,Storm,2026-03-20 13:08:11
395,Glas,7,51.591092,4.77559,19.2,Regen,2026-01-09 04:58:39
396,Grofvuil,4,51.58626,4.782646,26.8,Zonnig,2026-03-31 23:30:59
397,Rest,1,51.589553,4.77748,20.9,Zonnig,2026-03-20 19:33:26
398,Glas,2,51.592315,4.776169,7.4,Zonnig,2026-02-20 10:23:39
399,Plastic,3,51.589321,4.777623,13.5,Bewolkt,2026-05-25 21:27:02
400,Grofvuil,4,51.589942,4.783257,18.1,Regen,2026-01-02 09:52:49
401,Grofvuil,6,51.591891,4.778615,13.4,Mist,2026-01-05 11:35:06
402,Grofvuil,6,51.58941,4.775571,24.1,Storm,2026-04-05 09:34:44
403,Grofvuil,8,51.590286,4.780988,0.6,Regen,2026-03-27 19:48:36
404,Blik,3,51.589104,4.775692,18.7,Bewolkt,2026-03-15 19:27:56
405,Glas,8,51.589151,4.776961,18.1,Storm,2026-01-16 00:26:46
406,Plastic,1,51.590722,4.777893,31.8,Mist,2026-01-25 22:25:48
407,Glas,4,51.589015,4.776448,28.4,Storm,2026-06-11 04:32:55
408,Blik,9,51.589705,4.778746,11.0,Mist,2026-02-04 03:34:55
409,Elektrische Apparaten,6,51.59055,4.775428,20.0,Bewolkt,2026-04-12 17:58:59
410,Grofvuil,4,51.589411,4.780077,21.9,Zonnig,2026-05-20 11:24:58
411,Elektrische Apparaten,6,51.589069,4.775059,-0.4,Storm,2026-03-31 11:38:36
412,Glas,3,51.589318,4.778078,16.4,Bewolkt,2025-12-29 00:08:13
413,Papier/Karton,2,51.590687,4.777616,17.3,Zonnig,2026-01-07 00:11:18
414,Plastic,9,51.59195,4.778052,19.9,Storm,2026-03-04 00:11:31
415,Rest,1,51.590861,4.775684,0.5,Zonnig,2026-05-07 04:22:27
416,Rest,6,51.590529,4.77339,20.6,Storm,2026-01-13 00:37:56
417,Papier/Karton,4,51.590204,4.776903,11.4,Regen,2026-06-04 19:02:56
418,Rest,3,51.589907,4.777727,31.4,Bewolkt,2026-03-21 14:30:26
419,Glas,9,51.589376,4.780188,19.7,Storm,2026-01-25 04:21:47
420,Grofvuil,9,51.586107,4.773659,21.1,Zonnig,2026-03-31 18:53:12
421,Glas,5,51.590369,4.77511,17.6,Zonnig,2026-03-26 19:30:59
422,Elektrische Apparaten,5,51.589822,4.774241,10.5,Storm,2026-01-30 17:48:57
423,Plastic,7,51.589788,4.776991,24.4,Mist,2026-06-12 07:28:32
424,Rest,1,51.592024,4.780981,26.8,Regen,2026-02-25 05:12:21
425,Grofvuil,1,51.588246,4.779339,0.5,Storm,2026-06-10 04:03:59
426,Papier/Karton,7,51.590918,4.777266,25.4,Mist,2026-01-11 17:39:33
427,Elektrische Apparaten,9,51.590594,4.779598,19.1,Storm,2025-12-16 10:00:07
428,Rest,6,51.591886,4.77659,15.1,Bewolkt,2026-01-04 06:42:14
429,Rest,1,51.589018,4.781416,19.4,Bewolkt,2026-03-26 16:45:54
430,Glas,8,51.589595,4.780863,31.3,Mist,2026-05-10 17:47:25
431,Rest,2,51.590038,4.781153,26.2,Bewolkt,2025-12-22 20:14:27
432,Blik,0,51.589983,4.777809,4.4,Storm,2026-04-15 18:50:33
433,Blik,4,51.590223,4.771064,1.2,Regen,2026-01-25 16:42:37
434,Rest,7,51.587214,4.773867,2.5,Storm,2026-05-15 18:11:27
435,Elektrische Apparaten,5,51.591326,4.77993,31.2,Bewolkt,2026-02-12 10:01:55
436,Plastic,10,51.592071,4.775053,-1.4,Bewolkt,2026-01-01 20:04:41
437,Papier/Karton,9,51.58796,4.777808,2.6,Storm,2026-02-03 07:45:04
438,Rest,6,51.58807,4.770115,21.1,Zonnig,2026-04-16 00:51:34
439,Grofvuil,7,51.592007,4.775321,16.6,Regen,2026-02-15 11:56:21
440,Rest,3,51.589167,4.770131,27.3,Regen,2026-04-16 09:46:52
441,Plastic,9,51.589934,4.779024,29.0,Zonnig,2026-04-11 12:48:26
442,Papier/Karton,6,51.590532,4.776764,26.8,Mist,2026-01-16 13:22:42
443,Plastic,1,51.589874,4.776643,16.4,Mist,2026-03-28 11:18:39
444,Blik,1,51.591258,4.775541,19.0,Mist,2026-04-16 04:04:03
445,Elektrische Apparaten,8,51.591908,4.775064,21.0,Storm,2026-05-28 04:06:56
446,Grofvuil,8,51.589164,4.772618,23.1,Mist,2026-06-11 21:27:39
447,Papier/Karton,6,51.590794,4.77557,-0.9,Mist,2026-02-09 13:22:58
448,Elektrische Apparaten,4,51.587658,4.780824,9.5,Bewolkt,2026-05-21 09:04:49
449,Grofvuil,3,51.586292,4.77968,11.5,Regen,2026-04-29 17:54:39
450,Elektrische Apparaten,2,51.591765,4.77683,21.0,Bewolkt,2026-06-10 13:27:01
451,Plastic,6,51.592446,4.778032,28.8,Bewolkt,2026-05-28 16:09:31
452,Grofvuil,4,51.590349,4.772182,26.9,Zonnig,2026-05-15 03:29:10
453,Grofvuil,7,51.590163,4.779331,5.7,Bewolkt,2026-06-07 18:37:27
454,Plastic,9,51.589635,4.775681,20.2,Storm,2025-12-27 02:25:40
455,Plastic,10,51.589534,4.778804,26.1,Storm,2026-06-14 09:59:11
456,Papier/Karton,7,51.58634,4.783368,18.2,Regen,2025-12-17 18:28:30
457,Glas,8,51.590163,4.77272,-0.9,Storm,2026-02-24 17:59:35
458,Papier/Karton,2,51.58906,4.775952,26.1,Mist,2026-05-07 16:56:40
459,Elektrische Apparaten,7,51.590164,4.780922,22.9,Mist,2026-01-11 14:41:28
460,Grofvuil,5,51.591248,4.776611,19.1,Zonnig,2026-04-12 09:49:45
461,Rest,1,51.586012,4.777134,24.8,Bewolkt,2026-05-09 14:35:09
462,Glas,8,51.589431,4.778329,11.8,Storm,2026-01-23 04:09:48
463,Blik,9,51.589332,4.775097,31.1,Storm,2026-02-26 17:01:59
464,Blik,10,51.589402,4.777435,24.2,Zonnig,2026-03-30 00:38:59
465,Glas,4,51.590178,4.780483,18.2,Regen,2026-05-27 00:38:52
466,Plastic,4,51.586854,4.781765,22.2,Storm,2026-04-19 05:27:49
467,Glas,4,51.590652,4.780526,6.7,Mist,2026-01-27 14:52:26
468,Blik,9,51.590925,4.772148,29.9,Mist,2025-12-25 15:04:04
469,Grofvuil,9,51.588522,4.773815,29.7,Zonnig,2026-01-30 11:36:01
470,Plastic,5,51.590604,4.77513,7.2,Mist,2026-02-13 08:46:12
471,Glas,7,51.591053,4.770551,27.3,Zonnig,2025-12-21 04:33:15
472,Blik,7,51.589765,4.778641,28.8,Storm,2026-06-12 21:58:42
473,Glas,4,51.590547,4.781621,-0.2,Bewolkt,2026-04-21 16:36:44
474,Plastic,1,51.589607,4.77808,15.9,Regen,2026-04-04 15:46:53
475,Blik,5,51.590542,4.775238,7.1,Regen,2026-01-16 08:30:59
476,Elektrische Apparaten,4,51.591267,4.783496,3.5,Mist,2026-05-04 20:23:58
477,Plastic,8,51.592461,4.775898,2.0,Zonnig,2026-02-28 21:19:51
478,Blik,5,51.590301,4.777082,3.5,Storm,2026-01-19 14:27:41
479,Papier/Karton,4,51.587725,4.782291,22.4,Zonnig,2026-03-06 19:51:15
480,Plastic,7,51.591576,4.778269,2.8,Bewolkt,2026-01-05 01:17:48
481,Rest,7,51.590442,4.780353,16.5,Zonnig,2025-12-30 19:54:56
482,Grofvuil,6,51.587122,4.781275,22.3,Zonnig,2026-04-15 06:17:25
483,Glas,8,51.591611,4.77585,28.3,Mist,2026-01-14 02:04:21
484,Rest,5,51.591168,4.778264,13.9,Bewolkt,2026-03-02 03:27:35
485,Elektrische Apparaten,2,51.586728,4.780173,-0.7,Mist,2026-04-13 22:19:17
486,Grofvuil,9,51.587901,4.771621,0.9,Zonnig,2026-02-11 23:15:56
487,Papier/Karton,8,51.588157,4.77853,31.7,Bewolkt,2026-04-16 00:31:54
488,Rest,4,51.590065,4.771481,23.7,Bewolkt,2026-01-27 11:56:35
489,Grofvuil,5,51.59013,4.77819,13.9,Bewolkt,2026-05-25 05:58:42
490,Papier/Karton,2,51.590265,4.776318,12.2,Mist,2026-06-12 06:30:07
491,Grofvuil,3,51.586833,4.781656,4.9,Regen,2026-04-29 22:51:05
492,Blik,9,51.589359,4.775055,22.6,Storm,2026-03-28 06:15:58
493,Glas,5,51.587436,4.775633,14.4,Zonnig,2026-06-01 12:26:18
494,Plastic,2,51.590002,4.781202,25.3,Mist,2026-04-10 14:59:04
495,Rest,10,51.58904,4.778146,6.5,Zonnig,2026-06-04 07:48:44
496,Rest,7,51.587054,4.773037,16.2,Storm,2026-03-29 08:18:09
497,Rest,7,51.589813,4.778739,16.8,Regen,2026-01-10 10:07:03
498,Plastic,2,51.590946,4.777111,13.1,Storm,2026-01-24 18:03:27
499,Plastic,10,51.592253,4.77668,17.0,Bewolkt,2026-05-07 12:00:50
500,Elektrische Apparaten,6,51.592069,4.779783,6.4,Zonnig,2026-03-10 18:18:58
